1,gaming,RAM,Corsair Vengeance LPX 8 GB (1 x 8 GB) DDR4-3000 Memory,$42.99
1,gaming,CPU,Intel Core i3-9100F 3.6 GHz Quad-Core Processor,$87.87
1,gaming,Graphics Card,MSI Radeon RX 570 8 GB ARMOR OC Video Card,$129.99
1,gaming,Power Supply,EVGA BR 450 W 80+ Bronze Certified ATX Power Supply,$35.98
1,gaming,Case,Phanteks P300 ATX Mid Tower Case,$66.98
1,gaming,Motherboard,MSI B360 GAMING PLUS ATX LGA1151 Motherboard,$96.00
1,gaming,SSD,"Kingston A400 120 GB 2.5"" Solid State Drive",$18.69
1,gaming,HDD,"Seagate BarraCuda 1 TB 3.5"" 7200RPM Internal Hard Drive",$43.74
2,gaming,RAM,Corsair Vengeance LPX 8 GB (1 x 8 GB) DDR4-3000 Memory,$42.99
2,gaming,CPU,Intel Core i3-9100 3.6 GHz Quad-Core Processor,$122.99+
2,gaming,Graphics Card,MSI Radeon RX 580 8 GB ARMOR OC Video Card,$144.99
2,gaming,Power Supply,EVGA BR 450 W 80+ Bronze Certified ATX Power Supply,$35.98
2,gaming,Case,Phanteks P300 ATX Mid Tower Case,$66.98
2,gaming,Motherboard,MSI B360 GAMING PLUS ATX LGA1151 Motherboard,$96.00
2,gaming,SSD,"Kingston A400 120 GB 2.5"" Solid State Drive",$18.69
2,gaming,HDD,"Seagate BarraCuda 1 TB 3.5"" 7200RPM Internal Hard Drive",$43.74
3,gaming,RAM,Corsair Vengeance LPX 16 GB (2 x 8 GB) DDR4-3000 Memory,$57.99
3,gaming,CPU,Intel Core i5-9400F 2.9 GHz 6-Core Processor,$144.99
3,gaming,Graphics Card,MSI GeForce GTX 1660 Super 6 GB VENTUS XS OC Video Card,$229.99
3,gaming,Power Supply,EVGA BQ 600 W 80+ Bronze Certified Semi-modular ATX Power Supply,$69.99+
3,gaming,Case,Phanteks Eclipse P400S ATX Mid Tower Case,$81.98
3,gaming,Motherboard,MSI B360 GAMING PLUS ATX LGA1151 Motherboard,$96.00
3,gaming,SSD,"Kingston A400 240 GB 2.5"" Solid State Drive",$27.99
3,gaming,HDD,"Seagate Barracuda Compute 2 TB 3.5"" 7200RPM Internal Hard Drive",$49.99
4,gaming,RAM,Corsair Vengeance LPX 16 GB (2 x 8 GB) DDR4-3000 Memory,$57.99
4,gaming,CPU,Intel Core i5-9600K 3.7 GHz 6-Core Processor,$199.99
4,gaming,Graphics Card,MSI GeForce GTX 1660 Ti 6 GB VENTUS XS OC Video Card,$259.99
4,gaming,Power Supply,EVGA BQ 600 W 80+ Bronze Certified Semi-modular ATX Power Supply,$69.99+
4,gaming,Case,Phanteks Eclipse P400S ATX Mid Tower Case,$81.98
4,gaming,Motherboard,MSI MPG Z390 GAMING PLUS ATX LGA1151 Motherboard,$114.99
4,gaming,SSD,"Kingston A400 240 GB 2.5"" Solid State Drive",$27.99
4,gaming,HDD,"Seagate Barracuda Compute 2 TB 3.5"" 7200RPM Internal Hard Drive",$49.99
5,gaming,RAM,Corsair Vengeance LPX 16 GB (2 x 8 GB) DDR4-3000 Memory,$57.99
5,gaming,CPU,Intel Core i5-9400 2.9 GHz 6-Core Processor,$129.99
5,gaming,Graphics Card,MSI Radeon RX 5700 8 GB Evoke OC Video Card,$299.99
5,gaming,Power Supply,EVGA BQ 750 W 80+ Bronze Certified Semi-modular ATX Power Supply,$83.99
5,gaming,Case,Phanteks Eclipse P400S ATX Mid Tower Case,$81.98
5,gaming,Motherboard,MSI MPG Z390 GAMING PLUS ATX LGA1151 Motherboard,$114.99
5,gaming,SSD,"Kingston Q500 480 GB 2.5"" Solid State Drive",$50.99
5,gaming,HDD,"Seagate Barracuda Compute 2 TB 3.5"" 7200RPM Internal Hard Drive",$49.99
6,gaming,RAM,Corsair Vengeance LPX 16 GB (2 x 8 GB) DDR4-3000 Memory,$57.99
6,gaming,CPU,Intel Core i7-9700F 3 GHz 8-Core Processor,$318.99
6,gaming,Graphics Card,MSI Radeon RX 5700 XT 8 GB EVOKE OC Video Card,$349.99
6,gaming,Power Supply,EVGA BQ 750 W 80+ Bronze Certified Semi-modular ATX Power Supply,$83.99
6,gaming,Case,Phanteks ECLIPSE P600S ATX Mid Tower Case,$149.99
6,gaming,Motherboard,MSI MPG Z390 GAMING PLUS ATX LGA1151 Motherboard,$114.99
6,gaming,SSD,"Kingston Q500 480 GB 2.5"" Solid State Drive",$50.99
6,gaming,HDD,"Seagate BarraCuda Pro 4 TB 3.5"" 7200RPM Internal Hard Drive",$136.10
7,gaming,RAM,Corsair Vengeance LPX 16 GB (2 x 8 GB) DDR4-3000 Memory,$57.99
7,gaming,CPU,Intel Core i7-9700 3 GHz 8-Core Processor,$335.99
7,gaming,Graphics Card,MSI GeForce RTX 2060 SUPER 8 GB VENTUS OC Video Card,$389.99
7,gaming,Power Supply,EVGA BQ 850 W 80+ Bronze Certified Semi-modular ATX Power Supply,$99.99+
7,gaming,Case,Phanteks ECLIPSE P600S ATX Mid Tower Case,$149.99
7,gaming,Motherboard,MSI MPG Z390 GAMING PLUS ATX LGA1151 Motherboard,$114.99
7,gaming,SSD,"Kingston Q500 480 GB 2.5"" Solid State Drive",$50.99
7,gaming,HDD,"Seagate BarraCuda Pro 4 TB 3.5"" 7200RPM Internal Hard Drive",$136.10
8,gaming,RAM,Corsair Vengeance LPX 16 GB (2 x 8 GB) DDR4-3000 Memory,$57.99
8,gaming,CPU,Intel Core i7-9700K 3.6 GHz 8-Core Processor,$339.99
8,gaming,Graphics Card,MSI GeForce RTX 2070 SUPER 8 GB VENTUS OC Video Card,$489.99
8,gaming,Power Supply,EVGA BQ 850 W 80+ Bronze Certified Semi-modular ATX Power Supply,$109.99
8,gaming,Case,Phanteks ECLIPSE P600S ATX Mid Tower Case,$149.99
8,gaming,Motherboard,MSI MPG Z390 GAMING PLUS ATX LGA1151 Motherboard,$114.99
8,gaming,SSD,"Kingston Q500 480 GB 2.5"" Solid State Drive",$50.99
8,gaming,HDD,"Seagate BarraCuda Pro 4 TB 3.5"" 7200RPM Internal Hard Drive",$136.10
9,gaming,RAM,Corsair Vengeance LPX 32 GB (4 x 8 GB) DDR4-3000 Memory,$149.99
9,gaming,CPU,Intel Core i9-9900K 3.6 GHz 8-Core Processor,$484.99
9,gaming,Graphics Card,MSI GeForce RTX 2080 SUPER 8 GB VENTUS OC Video Card,$679.99
9,gaming,Power Supply,EVGA 1000 W 80+ Gold Certified Semi-modular ATX Power Supply,$135.98
9,gaming,Case,Phanteks Enthoo Primo ATX Full Tower Case,$231.98
9,gaming,Motherboard,MSI MPG Z390 GAMING EDGE AC ATX LGA1151 Motherboard,$149.99
9,gaming,SSD,"Kingston Q500 960 GB 2.5"" Solid State Drive",$107.49
9,gaming,HDD,"Seagate IronWolf Pro 8 TB 3.5"" 7200RPM Internal Hard Drive",$239.99
10,gaming,RAM,Corsair Vengeance LPX 32 GB (4 x 8 GB) DDR4-3000 Memory,$149.99
10,gaming,CPU,Intel Core i9-9900KS 4 GHz 8-Core Processor,$524.99+
10,gaming,Graphics Card,MSI GeForce RTX 2080 Ti 11 GB VENTUS OC Video Card,$1099.99
10,gaming,Power Supply,EVGA 1000 W 80+ Gold Certified Semi-modular ATX Power Supply,$115.98
10,gaming,Case,Phanteks Enthoo Primo ATX Full Tower Case,$231.98
10,gaming,Motherboard,MSI MPG Z390 GAMING EDGE AC ATX LGA1151 Motherboard,$159.99
10,gaming,SSD,"Kingston Q500 960 GB 2.5"" Solid State Drive",$107.49
10,gaming,HDD,"Seagate IronWolf Pro 16 TB 3.5"" 7200RPM Internal Hard Drive",$499.99
1,workstation,RAM,Corsair Vengeance LPX 16 GB (2 x 8 GB) DDR4-3000 Memory,$57.99
1,workstation,CPU,AMD Ryzen 3 2200G 3.5 GHz Quad-Core Processor,$77.98
1,workstation,Graphics Card,MSI Radeon RX 570 8 GB ARMOR OC Video Card,$129.99
1,workstation,Power Supply,EVGA BR 450 W 80+ Bronze Certified ATX Power Supply,$35.98
1,workstation,Case,Phanteks P300 ATX Mid Tower Case,$66.98
1,workstation,Motherboard,ASRock B450 Steel Legend ATX AM4 Motherboard,$79.99
1,workstation,SSD,"Kingston A400 120 GB 2.5"" Solid State Drive",$18.69
1,workstation,HDD,"Seagate BarraCuda 1 TB 3.5"" 7200RPM Internal Hard Drive",$43.74
2,workstation,RAM,Corsair Vengeance LPX 16 GB (2 x 8 GB) DDR4-3000 Memory,$57.99
2,workstation,CPU,AMD Ryzen 5 2600 3.4 GHz 6-Core Processor,$119.00
2,workstation,Graphics Card,MSI Radeon RX 580 8 GB ARMOR OC Video Card,$144.99
2,workstation,Power Supply,EVGA BR 450 W 80+ Bronze Certified ATX Power Supply,$35.98
2,workstation,Case,Phanteks P300 ATX Mid Tower Case,$66.98
2,workstation,Motherboard,ASRock B450 Steel Legend ATX AM4 Motherboard,$79.99
2,workstation,SSD,"Kingston A400 120 GB 2.5"" Solid State Drive",$18.69
2,workstation,HDD,"Seagate BarraCuda 1 TB 3.5"" 7200RPM Internal Hard Drive",$43.74
3,workstation,RAM,Corsair Vengeance LPX 32 GB (4 x 8 GB) DDR4-3000 Memory,$149.99
3,workstation,CPU,AMD Ryzen 5 2600X 3.6 GHz 6-Core Processor,$119.99
3,workstation,Graphics Card,MSI GeForce GTX 1660 Super 6 GB VENTUS XS OC Video Card,$229.99
3,workstation,Power Supply,EVGA BQ 600 W 80+ Bronze Certified Semi-modular ATX Power Supply,$69.99+
3,workstation,Case,Phanteks Eclipse P400S ATX Mid Tower Case,$81.98
3,workstation,Motherboard,ASRock B450 Steel Legend ATX AM4 Motherboard,$79.99
3,workstation,SSD,"Kingston A400 240 GB 2.5"" Solid State Drive",$27.99
3,workstation,HDD,"Seagate Barracuda Compute 2 TB 3.5"" 7200RPM Internal Hard Drive",$49.99
4,workstation,RAM,Corsair Vengeance LPX 32 GB (4 x 8 GB) DDR4-3000 Memory,$149.99
4,workstation,CPU,AMD Ryzen 7 2700 3.2 GHz 8-Core Processor,$157.99
4,workstation,Graphics Card,MSI GeForce GTX 1660 Ti 6 GB VENTUS XS OC Video Card,$259.99
4,workstation,Power Supply,EVGA BQ 600 W 80+ Bronze Certified Semi-modular ATX Power Supply,$69.99+
4,workstation,Case,Phanteks Eclipse P400S ATX Mid Tower Case,$81.98
4,workstation,Motherboard,ASRock X570 Phantom Gaming 4 ATX AM4 Motherboard,$109.99
4,workstation,SSD,"Kingston A400 240 GB 2.5"" Solid State Drive",$27.99
4,workstation,HDD,"Seagate Barracuda Compute 2 TB 3.5"" 7200RPM Internal Hard Drive",$49.99
5,workstation,RAM,Corsair Vengeance LPX 32 GB (4 x 8 GB) DDR4-3000 Memory,$149.99
5,workstation,CPU,AMD Ryzen 7 2700X 3.7 GHz 8-Core Processor,$169.99
5,workstation,Graphics Card,MSI Radeon RX 5700 8 GB Evoke OC Video Card,$299.99
5,workstation,Power Supply,EVGA BQ 750 W 80+ Bronze Certified Semi-modular ATX Power Supply,$83.99
5,workstation,Case,Phanteks Eclipse P400S ATX Mid Tower Case,$81.98
5,workstation,Motherboard,ASRock X570 Phantom Gaming 4 ATX AM4 Motherboard,$109.99
5,workstation,SSD,"Kingston Q500 480 GB 2.5"" Solid State Drive",$50.99
5,workstation,HDD,"Seagate Barracuda Compute 2 TB 3.5"" 7200RPM Internal Hard Drive",$49.99
6,workstation,RAM,Corsair Vengeance LPX 32 GB (4 x 8 GB) DDR4-3000 Memory,$149.99
6,workstation,CPU,AMD Ryzen 5 3600 3.6 GHz 6-Core Processor,$185.99
6,workstation,Graphics Card,MSI Radeon RX 5700 XT 8 GB EVOKE OC Video Card,$349.99
6,workstation,Power Supply,EVGA BQ 750 W 80+ Bronze Certified Semi-modular ATX Power Supply,$83.99
6,workstation,Case,Phanteks ECLIPSE P600S ATX Mid Tower Case,$149.99
6,workstation,Motherboard,ASRock X570 Phantom Gaming 4 ATX AM4 Motherboard,$109.99
6,workstation,SSD,"Kingston Q500 480 GB 2.5"" Solid State Drive",$50.99
6,workstation,HDD,"Seagate BarraCuda Pro 4 TB 3.5"" 7200RPM Internal Hard Drive",$136.10
7,workstation,RAM,Corsair Vengeance LPX 64 GB (4 x 16 GB) DDR4-3000 Memory,$269.99
7,workstation,CPU,AMD Ryzen 5 3600X 3.8 GHz 6-Core Processor,$199.99
7,workstation,Graphics Card,MSI GeForce RTX 2060 SUPER 8 GB VENTUS OC Video Card,$389.99
7,workstation,Power Supply,EVGA BQ 850 W 80+ Bronze Certified Semi-modular ATX Power Supply,$99.99+
7,workstation,Case,Phanteks ECLIPSE P600S ATX Mid Tower Case,$149.99
7,workstation,Motherboard,ASRock X570 Phantom Gaming 4 ATX AM4 Motherboard,$109.99
7,workstation,SSD,"Kingston Q500 480 GB 2.5"" Solid State Drive",$50.99
7,workstation,HDD,"Seagate BarraCuda Pro 4 TB 3.5"" 7200RPM Internal Hard Drive",$136.10
8,workstation,RAM,Corsair Vengeance LPX 64 GB (4 x 16 GB) DDR4-3000 Memory,$269.99
8,workstation,CPU,AMD Ryzen 7 3700X 3.6 GHz 8-Core Processor,$309.99
8,workstation,Graphics Card,MSI GeForce RTX 2070 SUPER 8 GB VENTUS OC Video Card,$489.99
8,workstation,Power Supply,EVGA BQ 850 W 80+ Bronze Certified Semi-modular ATX Power Supply,$99.99+
8,workstation,Case,Phanteks ECLIPSE P600S ATX Mid Tower Case,$149.99
8,workstation,Motherboard,ASRock X570 Phantom Gaming 4 ATX AM4 Motherboard,$109.99
8,workstation,SSD,"Kingston Q500 480 GB 2.5"" Solid State Drive",$50.99
8,workstation,HDD,"Seagate BarraCuda Pro 4 TB 3.5"" 7200RPM Internal Hard Drive",$136.10
9,workstation,RAM,Corsair Vengeance LPX 64 GB (4 x 16 GB) DDR4-3000 Memory,$269.99
9,workstation,CPU,AMD Ryzen 7 3800X 3.9 GHz 8-Core Processor,$329.99
9,workstation,Graphics Card,MSI GeForce RTX 2080 SUPER 8 GB VENTUS OC Video Card,$679.99
9,workstation,Power Supply,EVGA 1000 W 80+ Gold Certified Semi-modular ATX Power Supply,$115.98
9,workstation,Case,Phanteks Enthoo Primo ATX Full Tower Case,$231.98
9,workstation,Motherboard,ASRock X570 Steel Legend ATX AM4 Motherboard,$184.99
9,workstation,SSD,"Kingston Q500 960 GB 2.5"" Solid State Drive",$107.49
9,workstation,HDD,"Seagate IronWolf Pro 8 TB 3.5"" 7200RPM Internal Hard Drive",$239.99
10,workstation,RAM,Corsair Vengeance LPX 64 GB (4 x 16 GB) DDR4-3000 Memory,$269.99
10,workstation,CPU,AMD Ryzen 9 3900X 3.8 GHz 12-Core Processor,$499.99+
10,workstation,Graphics Card,MSI GeForce RTX 2080 Ti 11 GB VENTUS OC Video Card,$1099.99
10,workstation,Power Supply,EVGA 1000 W 80+ Gold Certified Semi-modular ATX Power Supply,$115.98
10,workstation,Case,Phanteks Enthoo Primo ATX Full Tower Case,$231.98
10,workstation,Motherboard,ASRock X570 Steel Legend ATX AM4 Motherboard,$184.99
10,workstation,SSD,"Kingston Q500 960 GB 2.5"" Solid State Drive",$107.49
10,workstation,HDD,"Seagate IronWolf Pro 16 TB 3.5"" 7200RPM Internal Hard Drive",$499.99
